Workbook

Sheet battery_config
A1: Group | B1: motor_id | C1: nseries | D1: nparallels | E1: cell_sheet
A2: 1 | B2: 1,2,3,4 | C2: 208 | D2: 27 | E2: EOL_cell_fct_CRate
A3: 2 | B3: 1,2,3,4 | C3: 208 | D3: 27 | E3: EOL_cell_fct_CRate
A4: 3 | B4: 1,2,3,4 | C4: 208 | D4: 27 | E4: EOL_cell_fct_CRate
A5: 4 | B5: 1,2,3,4 | C5: 208 | D5: 27 | E5: EOL_cell_fct_CRate

Sheet Sheet1
A1: SOC | B1: OCV | C1: Power_W | D1: IR0_mOhm | E1: Current | F1: C_rate | G1: ir0_calc
A2: 1 | B2: 4.17 | C2: 0 | D2: 4.805 | E2: =(B2-SQRT(B2^2 - 4 * D2/1000*C2))/(2*D2/1000) -> 0 | F2: =E2/33.3 -> 0
A3: =A2 -> 1 | B3: =B2 -> 4.17 | C3: 50 | D3: 1 | E3: =(B3-SQRT(B3^2 - 4 * D3/1000*C3))/(2*D3/1000) -> 12.025085 | F3: =E3/33.3 -> 0.36111365
A4: =A3 -> 1 | B4: =B3 -> 4.17 | C4: 100 | D4: 4 | E4: =(B4-SQRT(B4^2 - 4 * D4/1000*C4))/(2*D4/1000) -> 24.55939 | F4: =E4/33.3 -> 0.73751921
A5: =A4 -> 1 | B5: =B4 -> 4.17 | C5: 150 | D5: 4 | E5: =(B5-SQRT(B5^2 - 4 * D5/1000*C5))/(2*D5/1000) -> 37.30624 | F5: =E5/33.3 -> 1.1203075
A6: =A5 -> 1 | B6: =B5 -> 4.17 | C6: 200 | D6: 4 | E6: =(B6-SQRT(B6^2 - 4 * D6/1000*C6))/(2*D6/1000) -> 50.398046 | F6: =E6/33.3 -> 1.5134548
A7: =A6 -> 1 | B7: =B6 -> 4.17 | C7: 250 | E7: =(B7-SQRT(B7^2 - 4 * D7/1000*C7))/(2*D7/1000) -> #DIV/0! | F7: =E7/33.3 -> #DIV/0!
A8: =A7 -> 1 | B8: =B7 -> 4.17 | C8: 300 | E8: =(B8-SQRT(B8^2 - 4 * D8/1000*C8))/(2*D8/1000) -> #DIV/0!
A9: =A8 -> 1 | B9: =B8 -> 4.17 | C9: 350 | E9: =(B9-SQRT(B9^2 - 4 * D9/1000*C9))/(2*D9/1000) -> #DIV/0!
A10: =A9 -> 1 | B10: =B9 -> 4.17 | C10: 400 | E10: =(B10-SQRT(B10^2 - 4 * D10/1000*C10))/(2*D10/1000) -> #DIV/0!
A11: =A10 -> 1 | B11: =B10 -> 4.17 | C11: 450 | E11: =(B11-SQRT(B11^2 - 4 * D11/1000*C11))/(2*D11/1000) -> #DIV/0!
A12: =A11 -> 1 | B12: =B11 -> 4.17 | C12: 500 | E12: =(B12-SQRT(B12^2 - 4 * D12/1000*C12))/(2*D12/1000) -> #DIV/0!
A13: =A12 -> 1 | B13: =B12 -> 4.17 | C13: 550
A14: =A13 -> 1 | B14: =B13 -> 4.17 | C14: 600
A15: =A14 -> 1 | B15: =B14 -> 4.17 | C15: 650
A16: =A15 -> 1 | B16: =B15 -> 4.17 | C16: 700
A17: =A16 -> 1 | B17: =B16 -> 4.17 | C17: 750
A18: =A17 -> 1 | B18: =B17 -> 4.17 | C18: 800
A19: =A18 -> 1 | B19: =B18 -> 4.17 | C19: 850
A20: =A19 -> 1 | B20: =B19 -> 4.17 | C20: 900
A21: =A20 -> 1 | B21: =B20 -> 4.17 | C21: 950
A22: =A21 -> 1 | B22: =B21 -> 4.17 | C22: 1000
A23: =A22 -> 1 | B23: =B22 -> 4.17 | C23: 1050
A24: =A23 -> 1 | B24: =B23 -> 4.17 | C24: 1100
... A30: =A29 -> 1 | B30: =B29 -> 4.17 | C30: 1400
A31: 0.9 | B31: 3.98
A32: 0.8 | B32: 3.88
A33: 0.7 | B33: 3.75
A34: 0.6 | B34: 3.63
A35: 0.5 | B35: 3.49
A36: 0.4 | B36: 3.38
A37: 0.35 | B37: 3.33
A38: 0.3 | B38: 3.29
A39: 0.25 | B39: 3.25
A40: 0.2 | B40: 3.2
A41: 0.15 | B41: 3.14
A42: 0.1 | B42: 3.08
A43: 0.05 | B43: 3.01
A44: 0 | B44: =(B43-B42)+B43 -> 2.94

Sheet EOL_cell_fct_CRate
A1: SOC | B1: OCV | C1: IR_0C | D1: Vline_0C | E1: Power_0C | F1: IR_1C | G1: Vline_1C | H1: Power_1C | I1: IR_4C | J1: Vline_4C | K1: Power_4C | L1: IR_8C | M1: Vline_8C | N1: Power_8C | O1: IR_12C | P1: IR1 | Q1: C1 | R1: Crate_col | S1: Crate_value_A | T1: capacity_Ah | U1: mass_cell | V1: Cp_cell | W1: min_temp | X1: max_temp
A2: 1 | B2: 4.17 | C2: =F2 -> 4.8048048 | D2: =B2-C2/1000*$S$2 -> 4.17 | E2: =D2*$S$2 -> 0 | F2: =LBV_model!H3*1000 -> 4.8048048 | G2: =B2-$S$3*F2/1000 -> 4.01 | H2: =G2*$S$3 -> 133.533 | I2: =LBV_model!I3*1000 -> 2.9279279 | J2: =B2-$S$4*I2/1000 -> 3.78 | K2: =J2*$S$4 -> 503.496 | L2: =LBV_model!J3*1000 -> 2.2897898 | M2: =B2-L2/1000*$S$5 -> 3.56 | N2: =M2*$S$5 -> 948.384 | O2: =L2 -> 2.2897898 | P2: 0 | Q2: 0 | R2: IR_0C | S2: 0 | T2: =33.3*0.9 -> 29.97 | U2: 0.346 | V2: 900 | W2: 15 | X2: 55
A3: 0.9 | B3: 3.98 | C3: =F3 -> 3.003003 | D3: =B3-C3/1000*$S$2 -> 3.98 | E3: =D3*$S$2 -> 0 | F3: =LBV_model!H4*1000 -> 3.003003 | G3: =B3-$S$3*F3/1000 -> 3.88 | H3: =G3*$S$3 -> 129.204 | I3: =LBV_model!I4*1000 -> 2.1021021 | J3: =B3-$S$4*I3/1000 -> 3.7 | K3: =J3*$S$4 -> 492.84 | L3: =LBV_model!J4*1000 -> 1.8768769 | M3: =B3-L3/1000*$S$5 -> 3.48 | N3: =M3*$S$5 -> 927.072 | O3: =L3 -> 1.8768769 | P3: 0 | Q3: 0 | R3: =F1 -> IR_1C | S3: 33.3
A4: 0.8 | B4: 3.88 | C4: =F4 -> 3.6036036 | D4: =B4-C4/1000*$S$2 -> 3.88 | E4: =D4*$S$2 -> 0 | F4: =LBV_model!H5*1000 -> 3.6036036 | G4: =B4-$S$3*F4/1000 -> 3.76 | H4: =G4*$S$3 -> 125.208 | I4: =LBV_model!I5*1000 -> 2.2522523 | J4: =B4-$S$4*I4/1000 -> 3.58 | K4: =J4*$S$4 -> 476.856 | L4: =LBV_model!J5*1000 -> 1.951952 | M4: =B4-L4/1000*$S$5 -> 3.36 | N4: =M4*$S$5 -> 895.104 | O4: =L4 -> 1.951952 | P4: 0 | Q4: 0 | R4: =I1 -> IR_4C | S4: =S3*4 -> 133.2
A5: 0.7 | B5: 3.75 | C5: =F5 -> 3.3033033 | D5: =B5-C5/1000*$S$2 -> 3.75 | E5: =D5*$S$2 -> 0 | F5: =LBV_model!H6*1000 -> 3.3033033 | G5: =B5-$S$3*F5/1000 -> 3.64 | H5: =G5*$S$3 -> 121.212 | I5: =LBV_model!I6*1000 -> 2.1771772 | J5: =B5-$S$4*I5/1000 -> 3.46 | K5: =J5*$S$4 -> 460.872 | L5: =LBV_model!J6*1000 -> 1.9144144 | M5: =B5-L5/1000*$S$5 -> 3.24 | N5: =M5*$S$5 -> 863.136 | O5: =L5 -> 1.9144144 | P5: 0 | Q5: 0 | R5: =L1 -> IR_8C | S5: =S3*8 -> 266.4
A6: 0.6 | B6: 3.63 | C6: =F6 -> 3.6036036 | D6: =B6-C6/1000*$S$2 -> 3.63 | E6: =D6*$S$2 -> 0 | F6: =LBV_model!H7*1000 -> 3.6036036 | G6: =B6-$S$3*F6/1000 -> 3.51 | H6: =G6*$S$3 -> 116.883 | I6: =LBV_model!I7*1000 -> 2.3273273 | J6: =B6-$S$4*I6/1000 -> 3.32 | K6: =J6*$S$4 -> 442.224 | L6: =LBV_model!J7*1000 -> 1.9894895 | M6: =B6-L6/1000*$S$5 -> 3.1 | N6: =M6*$S$5 -> 825.84 | O6: =L6 -> 1.9894895 | P6: 0 | Q6: 0 | R6: =O1 -> IR_12C | S6: =S3*12 -> 399.6
A7: 0.5 | B7: 3.49 | C7: =F7 -> 3.6036036 | D7: =B7-C7/1000*$S$2 -> 3.49 | E7: =D7*$S$2 -> 0 | F7: =LBV_model!H8*1000 -> 3.6036036 | G7: =B7-$S$3*F7/1000 -> 3.37 | H7: =G7*$S$3 -> 112.221 | I7: =LBV_model!I8*1000 -> 2.3273273 | J7: =B7-$S$4*I7/1000 -> 3.18 | K7: =J7*$S$4 -> 423.576 | L7: =LBV_model!J8*1000 -> 1.951952 | M7: =B7-L7/1000*$S$5 -> 2.97 | N7: =M7*$S$5 -> 791.208 | O7: =L7 -> 1.951952 | P7: 0 | Q7: 0
A8: 0.4 | B8: 3.38 | C8: =F8 -> 3.9039039 | D8: =B8-C8/1000*$S$2 -> 3.38 | E8: =D8*$S$2 -> 0 | F8: =LBV_model!H9*1000 -> 3.9039039 | G8: =B8-$S$3*F8/1000 -> 3.25 | H8: =G8*$S$3 -> 108.225 | I8: =LBV_model!I9*1000 -> 2.3273273 | J8: =B8-$S$4*I8/1000 -> 3.07 | K8: =J8*$S$4 -> 408.924 | L8: =LBV_model!J9*1000 -> 2.027027 | M8: =B8-L8/1000*$S$5 -> 2.84 | N8: =M8*$S$5 -> 756.576 | O8: =L8 -> 2.027027 | P8: 0 | Q8: 0
A9: 0.35 | B9: 3.33 | C9: =F9 -> 3.9039039 | D9: =B9-C9/1000*$S$2 -> 3.33 | E9: =D9*$S$2 -> 0 | F9: =LBV_model!H10*1000 -> 3.9039039 | G9: =B9-$S$3*F9/1000 -> 3.2 | H9: =G9*$S$3 -> 106.56 | I9: =LBV_model!I10*1000 -> 2.4774775 | J9: =B9-$S$4*I9/1000 -> 3 | K9: =J9*$S$4 -> 399.6 | L9: =LBV_model!J10*1000 -> 2.1396396 | M9: =B9-L9/1000*$S$5 -> 2.76 | N9: =M9*$S$5 -> 735.264 | O9: =L9 -> 2.1396396 | P9: 0 | Q9: 0
A10: 0.3 | B10: 3.29 | C10: =F10 -> 4.5045045 | D10: =B10-C10/1000*$S$2 -> 3.29 | E10: =D10*$S$2 -> 0 | F10: =LBV_model!H11*1000 -> 4.5045045 | G10: =B10-$S$3*F10/1000 -> 3.14 | H10: =G10*$S$3 -> 104.562 | I10: =LBV_model!I11*1000 -> 2.7027027 | J10: =B10-$S$4*I10/1000 -> 2.93 | K10: =J10*$S$4 -> 390.276 | L10: =LBV_model!J11*1000 -> 2.3648649 | M10: =B10-L10/1000*$S$5 -> 2.66 | N10: =M10*$S$5 -> 708.624 | O10: =L10 -> 2.3648649 | P10: 0 | Q10: 0
A11: 0.25 | B11: 3.25 | C11: =F11 -> 4.8048048 | D11: =B11-C11/1000*$S$2 -> 3.25 | E11: =D11*$S$2 -> 0 | F11: =LBV_model!H12*1000 -> 4.8048048 | G11: =B11-$S$3*F11/1000 -> 3.09 | H11: =G11*$S$3 -> 102.897 | I11: =LBV_model!I12*1000 -> 3.0780781 | J11: =B11-$S$4*I11/1000 -> 2.84 | K11: =J11*$S$4 -> 378.288 | L11: =LBV_model!J12*1000 -> 2.8153153 | M11: =B11-L11/1000*$S$5 -> 2.5 | N11: =M11*$S$5 -> 666 | O11: =L11 -> 2.8153153 | P11: 0 | Q11: 0
A12: 0.2 | B12: 3.2 | C12: =F12 -> 5.4054054 | D12: =B12-C12/1000*$S$2 -> 3.2 | E12: =D12*$S$2 -> 0 | F12: =LBV_model!H13*1000 -> 5.4054054 | G12: =B12-$S$3*F12/1000 -> 3.02 | H12: =G12*$S$3 -> 100.566 | I12: =LBV_model!I13*1000 -> 3.6786787 | J12: =B12-$S$4*I12/1000 -> 2.71 | K12: =J12*$S$4 -> 360.972 | L12: =LBV_model!J13*1000 -> 3.3783784 | M12: =B12-L12/1000*$S$5 -> 2.3 | N12: =M12*$S$5 -> 612.72 | O12: =L12 -> 3.3783784 | P12: 0 | Q12: 0
A13: 0.15 | B13: 3.14 | C13: =F13 -> 6.6066066 | D13: =B13-C13/1000*$S$2 -> 3.14 | E13: =D13*$S$2 -> 0 | F13: =LBV_model!H14*1000 -> 6.6066066 | G13: =B13-$S$3*F13/1000 -> 2.92 | H13: =G13*$S$3 -> 97.236 | I13: =LBV_model!I14*1000 -> 4.954955 | J13: =B13-$S$4*I13/1000 -> 2.48 | K13: =J13*$S$4 -> 330.336 | L13: =LBV_model!J14*1000 -> 5.03003 | M13: =B13-L13/1000*$S$5 -> 1.8 | N13: =M13*$S$5 -> 479.52 | O13: =L13 -> 5.03003 | P13: 0 | Q13: 0
A14: 0.1 | B14: 3.08 | C14: =F14 -> 9.3093093 | D14: =B14-C14/1000*$S$2 -> 3.08 | E14: =D14*$S$2 -> 0 | F14: =LBV_model!H15*1000 -> 9.3093093 | G14: =B14-$S$3*F14/1000 -> 2.77 | H14: =G14*$S$3 -> 92.241 | I14: =LBV_model!I15*1000 -> 8.1081081 | J14: =B14-$S$4*I14/1000 -> 2 | K14: =J14*$S$4 -> 266.4 | L14: =LBV_model!J15*1000 -> 8.5585586 | M14: =B14-L14/1000*$S$5 -> 0.8 | N14: =M14*$S$5 -> 213.12 | O14: =L14 -> 8.5585586 | P14: 0 | Q14: 0
A15: 0.05 | B15: 3.01 | C15: =F15 -> 15.615616 | D15: =B15-C15/1000*$S$2 -> 3.01 | E15: =D15*$S$2 -> 0 | F15: =LBV_model!H16*1000 -> 15.615616 | G15: =B15-$S$3*F15/1000 -> 2.49 | H15: =G15*$S$3 -> 82.917 | I15: =LBV_model!I16*1000 -> 15.09009 | J15: =B15-$S$4*I15/1000 -> 1 | K15: =J15*$S$4 -> 133.2 | L15: =LBV_model!J16*1000 -> 11.298799 | M15: =B15-L15/1000*$S$5 -> 0 | N15: =M15*$S$5 -> 0 | O15: =L15 -> 11.298799 | P15: 0 | Q15: 0
A16: 0 | B16: =(B15-B14)+B15 -> 2.94 | C16: =(C15-C14)+C15 -> 21.921922 | D16: =B16-C16/1000*$S$2 -> 2.94 | E16: =D16*$S$2 -> 0 | F16: =(F15-F14)+F15 -> 21.921922 | G16: =B16-$S$3*F16/1000 -> 2.21 | H16: =G16*$S$3 -> 73.593 | I16: =(I15-I14)+I15 -> 22.072072 | J16: =B16-$S$4*I16/1000 -> 0 | K16: =J16*$S$4 -> 0 | L16: =(L15-L14)+L15 -> 14.039039 | M16: =B16-L16/1000*$S$5 -> -0.8 | N16: =M16*$S$5 -> -213.12 | O16: =L16 -> 14.039039 | P16: =(P15-P14)+P15 -> 0 | Q16: =(Q15-Q14)+Q15 -> 0
H17: =(B2-SQRT(B2^2 - 4 * C2/1000*H2))/(2*D2/1000) -> 38.369305

Sheet BOL_cell_fct_CRate
A1: SOC | B1: OCV | C1: IR_0C | D1: IR_1C | E1: IR_4C | F1: IR_8C | G1: IR_12C | H1: IR1 | I1: C1 | J1: Crate_col | K1: Crate_value | L1: capacity_Ah | M1: mass_cell | N1: Cp_cell | O1: min_temp | P1: max_temp
A2: 1 | B2: 4.17 | C2: =D2 -> 4.8048048 | D2: =LBV_model!H3*1000 -> 4.8048048 | E2: =LBV_model!I3*1000 -> 2.9279279 | F2: =LBV_model!J3*1000 -> 2.2897898 | G2: =F2 -> 2.2897898 | H2: 0 | I2: 0 | J2: IR_0C | K2: 0 | L2: =33.3 -> 33.3 | M2: 0.346 | N2: 900 | O2: 15 | P2: 55
A3: 0.9 | B3: 3.98 | C3: =D3 -> 3.003003 | D3: =LBV_model!H4*1000 -> 3.003003 | E3: =LBV_model!I4*1000 -> 2.1021021 | F3: =LBV_model!J4*1000 -> 1.8768769 | G3: =F3 -> 1.8768769 | H3: 0 | I3: 0 | J3: =D1 -> IR_1C | K3: 33.3
A4: 0.8 | B4: 3.88 | C4: =D4 -> 3.6036036 | D4: =LBV_model!H5*1000 -> 3.6036036 | E4: =LBV_model!I5*1000 -> 2.2522523 | F4: =LBV_model!J5*1000 -> 1.951952 | G4: =F4 -> 1.951952 | H4: 0 | I4: 0 | J4: =E1 -> IR_4C | K4: =K3*4 -> 133.2
A5: 0.7 | B5: 3.75 | C5: =D5 -> 3.3033033 | D5: =LBV_model!H6*1000 -> 3.3033033 | E5: =LBV_model!I6*1000 -> 2.1771772 | F5: =LBV_model!J6*1000 -> 1.9144144 | G5: =F5 -> 1.9144144 | H5: 0 | I5: 0 | J5: =F1 -> IR_8C | K5: =K3*8 -> 266.4
A6: 0.6 | B6: 3.63 | C6: =D6 -> 3.6036036 | D6: =LBV_model!H7*1000 -> 3.6036036 | E6: =LBV_model!I7*1000 -> 2.3273273 | F6: =LBV_model!J7*1000 -> 1.9894895 | G6: =F6 -> 1.9894895 | H6: 0 | I6: 0 | J6: =G1 -> IR_12C | K6: =K3*12 -> 399.6
A7: 0.5 | B7: 3.49 | C7: =D7 -> 3.6036036 | D7: =LBV_model!H8*1000 -> 3.6036036 | E7: =LBV_model!I8*1000 -> 2.3273273 | F7: =LBV_model!J8*1000 -> 1.951952 | G7: =F7 -> 1.951952 | H7: 0 | I7: 0
A8: 0.4 | B8: 3.38 | C8: =D8 -> 3.9039039 | D8: =LBV_model!H9*1000 -> 3.9039039 | E8: =LBV_model!I9*1000 -> 2.3273273 | F8: =LBV_model!J9*1000 -> 2.027027 | G8: =F8 -> 2.027027 | H8: 0 | I8: 0
A9: 0.35 | B9: 3.33 | C9: =D9 -> 3.9039039 | D9: =LBV_model!H10*1000 -> 3.9039039 | E9: =LBV_model!I10*1000 -> 2.4774775 | F9: =LBV_model!J10*1000 -> 2.1396396 | G9: =F9 -> 2.1396396 | H9: 0 | I9: 0
A10: 0.3 | B10: 3.29 | C10: =D10 -> 4.5045045 | D10: =LBV_model!H11*1000 -> 4.5045045 | E10: =LBV_model!I11*1000 -> 2.7027027 | F10: =LBV_model!J11*1000 -> 2.3648649 | G10: =F10 -> 2.3648649 | H10: 0 | I10: 0
A11: 0.25 | B11: 3.25 | C11: =D11 -> 4.8048048 | D11: =LBV_model!H12*1000 -> 4.8048048 | E11: =LBV_model!I12*1000 -> 3.0780781 | F11: =LBV_model!J12*1000 -> 2.8153153 | G11: =F11 -> 2.8153153 | H11: 0 | I11: 0
A12: 0.2 | B12: 3.2 | C12: =D12 -> 5.4054054 | D12: =LBV_model!H13*1000 -> 5.4054054 | E12: =LBV_model!I13*1000 -> 3.6786787 | F12: =LBV_model!J13*1000 -> 3.3783784 | G12: =F12 -> 3.3783784 | H12: 0 | I12: 0
A13: 0.15 | B13: 3.14 | C13: =D13 -> 6.6066066 | D13: =LBV_model!H14*1000 -> 6.6066066 | E13: =LBV_model!I14*1000 -> 4.954955 | F13: =LBV_model!J14*1000 -> 5.03003 | G13: =F13 -> 5.03003 | H13: 0 | I13: 0
A14: 0.1 | B14: 3.08 | C14: =D14 -> 9.3093093 | D14: =LBV_model!H15*1000 -> 9.3093093 | E14: =LBV_model!I15*1000 -> 8.1081081 | F14: =LBV_model!J15*1000 -> 8.5585586 | G14: =F14 -> 8.5585586 | H14: 0 | I14: 0
A15: 0.05 | B15: 3.01 | C15: =D15 -> 15.615616 | D15: =LBV_model!H16*1000 -> 15.615616 | E15: =LBV_model!I16*1000 -> 15.09009 | F15: =LBV_model!J16*1000 -> 11.298799 | G15: =F15 -> 11.298799 | H15: 0 | I15: 0
A16: 0 | B16: =(B15-B14)+B15 -> 2.94 | C16: =(C15-C14)+C15 -> 21.921922 | D16: =(D15-D14)+D15 -> 21.921922 | E16: =(E15-E14)+E15 -> 22.072072 | F16: =(F15-F14)+F15 -> 14.039039 | G16: =F16 -> 14.039039 | H16: =(H15-H14)+H15 -> 0 | I16: =(I15-I14)+I15 -> 0

Sheet EOL_quickChk
A1: SOC | B1: OCV | C1: 0 | D1: 33.3 | E1: =D1*4 -> 133.2 | F1: =D1*8 -> 266.4 | G1: IR1 | H1: C1 | I1: Crate_col | J1: Crate_value | K1: capacity_Ah | L1: mass_cell | M1: Cp_cell | N1: min_temp | O1: max_temp
A2: 1 | B2: 4.17 | C2: =D2 -> 4.8048048 | D2: =LBV_model!H3*1000 -> 4.8048048 | E2: =LBV_model!I3*1000 -> 2.9279279 | F2: =LBV_model!J3*1000 -> 2.2897898 | G2: 0 | H2: 0 | I2: IR_0C | J2: 0 | K2: =33.3*0.9 -> 29.97 | L2: 0.346 | M2: 900 | N2: 15 | O2: 55
A3: 0.9 | B3: 3.98 | C3: =D3 -> 3.003003 | D3: =LBV_model!H4*1000 -> 3.003003 | E3: =LBV_model!I4*1000 -> 2.1021021 | F3: =LBV_model!J4*1000 -> 1.8768769 | G3: 0 | H3: 0 | I3: IR_1C | J3: 33.3
A4: 0.8 | B4: 3.88 | C4: =D4 -> 3.6036036 | D4: =LBV_model!H5*1000 -> 3.6036036 | E4: =LBV_model!I5*1000 -> 2.2522523 | F4: =LBV_model!J5*1000 -> 1.951952 | G4: 0 | H4: 0 | I4: IR_4C | J4: =J3*4 -> 133.2
A5: 0.7 | B5: 3.75 | C5: =D5 -> 3.3033033 | D5: =LBV_model!H6*1000 -> 3.3033033 | E5: =LBV_model!I6*1000 -> 2.1771772 | F5: =LBV_model!J6*1000 -> 1.9144144 | G5: 0 | H5: 0 | I5: IR_8C | J5: =J3*8 -> 266.4
A6: 0.6 | B6: 3.63 | C6: =D6 -> 3.6036036 | D6: =LBV_model!H7*1000 -> 3.6036036 | E6: =LBV_model!I7*1000 -> 2.3273273 | F6: =LBV_model!J7*1000 -> 1.9894895 | G6: 0 | H6: 0
A7: 0.5 | B7: 3.49 | C7: =D7 -> 3.6036036 | D7: =LBV_model!H8*1000 -> 3.6036036 | E7: =LBV_model!I8*1000 -> 2.3273273 | F7: =LBV_model!J8*1000 -> 1.951952 | G7: 0 | H7: 0
A8: 0.4 | B8: 3.38 | C8: =D8 -> 3.9039039 | D8: =LBV_model!H9*1000 -> 3.9039039 | E8: =LBV_model!I9*1000 -> 2.3273273 | F8: =LBV_model!J9*1000 -> 2.027027 | G8: 0 | H8: 0
A9: 0.35 | B9: 3.33 | C9: =D9 -> 3.9039039 | D9: =LBV_model!H10*1000 -> 3.9039039 | E9: =LBV_model!I10*1000 -> 2.4774775 | F9: =LBV_model!J10*1000 -> 2.1396396 | G9: 0 | H9: 0
A10: 0.3 | B10: 3.29 | C10: =D10 -> 4.5045045 | D10: =LBV_model!H11*1000 -> 4.5045045 | E10: =LBV_model!I11*1000 -> 2.7027027 | F10: =LBV_model!J11*1000 -> 2.3648649 | G10: 0 | H10: 0
A11: 0.25 | B11: 3.25 | C11: =D11 -> 4.8048048 | D11: =LBV_model!H12*1000 -> 4.8048048 | E11: =LBV_model!I12*1000 -> 3.0780781 | F11: =LBV_model!J12*1000 -> 2.8153153 | G11: 0 | H11: 0
A12: 0.2 | B12: 3.2 | C12: =D12 -> 5.4054054 | D12: =LBV_model!H13*1000 -> 5.4054054 | E12: =LBV_model!I13*1000 -> 3.6786787 | F12: =LBV_model!J13*1000 -> 3.3783784 | G12: 0 | H12: 0
A13: 0.15 | B13: 3.14 | C13: =D13 -> 6.6066066 | D13: =LBV_model!H14*1000 -> 6.6066066 | E13: =LBV_model!I14*1000 -> 4.954955 | F13: =LBV_model!J14*1000 -> 5.03003 | G13: 0 | H13: 0
A14: 0.1 | B14: 3.08 | C14: =D14 -> 9.3093093 | D14: =LBV_model!H15*1000 -> 9.3093093 | E14: =LBV_model!I15*1000 -> 8.1081081 | F14: =LBV_model!J15*1000 -> 8.5585586 | G14: 0 | H14: 0
A15: 0.05 | B15: 3.01 | C15: =D15 -> 15.615616 | D15: =LBV_model!H16*1000 -> 15.615616 | E15: =LBV_model!I16*1000 -> 15.09009 | F15: =LBV_model!J16*1000 -> 11.298799 | G15: 0 | H15: 0
A16: 0 | B16: =(B15-B14)+B15 -> 2.94 | C16: =(C15-C14)+C15 -> 21.921922 | D16: =(D15-D14)+D15 -> 21.921922 | E16: =(E15-E14)+E15 -> 22.072072 | F16: =(F15-F14)+F15 -> 14.039039 | G16: =(G15-G14)+G15 -> 0 | H16: =(H15-H14)+H15 -> 0
A26: SOC | B26: OCV | L26: Efficiency
A27: 1 | B27: 4.17 | C27: =$B27-C2*C$1/1000 -> 4.17 | D27: =$B27-D2*D$1/1000 -> 4.01 | E27: =$B27-E2*E$1/1000 -> 3.78 | F27: =$B27-F2*F$1/1000 -> 3.56 | L27: IR_0C | M27: IR_1C | N27: IR_4C | O27: IR_8C
A28: 0.9 | B28: 3.98 | C28: =$B28-C3*C$1/1000 -> 3.98 | D28: =$B28-D3*D$1/1000 -> 3.88 | E28: =$B28-E3*E$1/1000 -> 3.7 | F28: =$B28-F3*F$1/1000 -> 3.48 | L28: =C28*C$1/(C28*C$1 +C3*C$1^2/1000) -> #DIV/0! | M28: =D28*D$1/(D28*D$1 +D3*D$1^2/1000) -> 0.97487437 | N28: =E28*E$1/(E28*E$1 +E3*E$1^2/1000) -> 0.92964824 | O28: =F28*F$1/(F28*F$1 +F3*F$1^2/1000) -> 0.87437186
A29: 0.8 | B29: 3.88 | C29: =$B29-C4*C$1/1000 -> 3.88 | D29: =$B29-D4*D$1/1000 -> 3.76 | E29: =$B29-E4*E$1/1000 -> 3.58 | F29: =$B29-F4*F$1/1000 -> 3.36 | L29: =C29*C$1/(C29*C$1 +C4*C$1^2/1000) -> #DIV/0! | M29: =D29*D$1/(D29*D$1 +D4*D$1^2/1000) -> 0.96907216 | N29: =E29*E$1/(E29*E$1 +E4*E$1^2/1000) -> 0.92268041 | O29: =F29*F$1/(F29*F$1 +F4*F$1^2/1000) -> 0.86597938
A30: 0.7 | B30: 3.75 | C30: =$B30-C5*C$1/1000 -> 3.75 | D30: =$B30-D5*D$1/1000 -> 3.64 | E30: =$B30-E5*E$1/1000 -> 3.46 | F30: =$B30-F5*F$1/1000 -> 3.24 | L30: =C30*C$1/(C30*C$1 +C5*C$1^2/1000) -> #DIV/0! | M30: =D30*D$1/(D30*D$1 +D5*D$1^2/1000) -> 0.97066667 | N30: =E30*E$1/(E30*E$1 +E5*E$1^2/1000) -> 0.92266667 | O30: =F30*F$1/(F30*F$1 +F5*F$1^2/1000) -> 0.864
A31: 0.6 | B31: 3.63 | C31: =$B31-C6*C$1/1000 -> 3.63 | D31: =$B31-D6*D$1/1000 -> 3.51 | E31: =$B31-E6*E$1/1000 -> 3.32 | F31: =$B31-F6*F$1/1000 -> 3.1 | L31: =C31*C$1/(C31*C$1 +C6*C$1^2/1000) -> #DIV/0! | M31: =D31*D$1/(D31*D$1 +D6*D$1^2/1000) -> 0.96694215 | N31: =E31*E$1/(E31*E$1 +E6*E$1^2/1000) -> 0.91460055 | O31: =F31*F$1/(F31*F$1 +F6*F$1^2/1000) -> 0.85399449
A32: 0.5 | B32: 3.49 | C32: =$B32-C7*C$1/1000 -> 3.49 | D32: =$B32-D7*D$1/1000 -> 3.37 | E32: =$B32-E7*E$1/1000 -> 3.18 | F32: =$B32-F7*F$1/1000 -> 2.97 | L32: =C32*C$1/(C32*C$1 +C7*C$1^2/1000) -> #DIV/0! | M32: =D32*D$1/(D32*D$1 +D7*D$1^2/1000) -> 0.96561605 | N32: =E32*E$1/(E32*E$1 +E7*E$1^2/1000) -> 0.91117479 | O32: =F32*F$1/(F32*F$1 +F7*F$1^2/1000) -> 0.85100287
A33: 0.4 | B33: 3.38 | C33: =$B33-C8*C$1/1000 -> 3.38 | D33: =$B33-D8*D$1/1000 -> 3.25 | E33: =$B33-E8*E$1/1000 -> 3.07 | F33: =$B33-F8*F$1/1000 -> 2.84 | L33: =C33*C$1/(C33*C$1 +C8*C$1^2/1000) -> #DIV/0! | M33: =D33*D$1/(D33*D$1 +D8*D$1^2/1000) -> 0.96153846 | N33: =E33*E$1/(E33*E$1 +E8*E$1^2/1000) -> 0.90828402 | O33: =F33*F$1/(F33*F$1 +F8*F$1^2/1000) -> 0.84023669
A34: 0.35 | B34: 3.33 | C34: =$B34-C9*C$1/1000 -> 3.33 | D34: =$B34-D9*D$1/1000 -> 3.2 | E34: =$B34-E9*E$1/1000 -> 3 | F34: =$B34-F9*F$1/1000 -> 2.76 | L34: =C34*C$1/(C34*C$1 +C9*C$1^2/1000) -> #DIV/0! | M34: =D34*D$1/(D34*D$1 +D9*D$1^2/1000) -> 0.96096096 | N34: =E34*E$1/(E34*E$1 +E9*E$1^2/1000) -> 0.9009009 | O34: =F34*F$1/(F34*F$1 +F9*F$1^2/1000) -> 0.82882883
A35: 0.3 | B35: 3.29 | C35: =$B35-C10*C$1/1000 -> 3.29 | D35: =$B35-D10*D$1/1000 -> 3.14 | E35: =$B35-E10*E$1/1000 -> 2.93 | F35: =$B35-F10*F$1/1000 -> 2.66 | L35: =C35*C$1/(C35*C$1 +C10*C$1^2/1000) -> #DIV/0! | M35: =D35*D$1/(D35*D$1 +D10*D$1^2/1000) -> 0.95440729 | N35: =E35*E$1/(E35*E$1 +E10*E$1^2/1000) -> 0.89057751 | O35: =F35*F$1/(F35*F$1 +F10*F$1^2/1000) -> 0.80851064
A36: 0.25 | B36: 3.25 | C36: =$B36-C11*C$1/1000 -> 3.25 | D36: =$B36-D11*D$1/1000 -> 3.09 | E36: =$B36-E11*E$1/1000 -> 2.84 | F36: =$B36-F11*F$1/1000 -> 2.5 | L36: =C36*C$1/(C36*C$1 +C11*C$1^2/1000) -> #DIV/0! | M36: =D36*D$1/(D36*D$1 +D11*D$1^2/1000) -> 0.95076923 | N36: =E36*E$1/(E36*E$1 +E11*E$1^2/1000) -> 0.87384615 | O36: =F36*F$1/(F36*F$1 +F11*F$1^2/1000) -> 0.76923077
A37: 0.2 | B37: 3.2 | C37: =$B37-C12*C$1/1000 -> 3.2 | D37: =$B37-D12*D$1/1000 -> 3.02 | E37: =$B37-E12*E$1/1000 -> 2.71 | F37: =$B37-F12*F$1/1000 -> 2.3 | L37: =C37*C$1/(C37*C$1 +C12*C$1^2/1000) -> #DIV/0! | M37: =D37*D$1/(D37*D$1 +D12*D$1^2/1000) -> 0.94375 | N37: =E37*E$1/(E37*E$1 +E12*E$1^2/1000) -> 0.846875 | O37: =F37*F$1/(F37*F$1 +F12*F$1^2/1000) -> 0.71875
A38: 0.15 | B38: 3.14 | C38: =$B38-C13*C$1/1000 -> 3.14 | D38: =$B38-D13*D$1/1000 -> 2.92 | E38: =$B38-E13*E$1/1000 -> 2.48 | F38: =$B38-F13*F$1/1000 -> 1.8 | L38: =C38*C$1/(C38*C$1 +C13*C$1^2/1000) -> #DIV/0! | M38: =D38*D$1/(D38*D$1 +D13*D$1^2/1000) -> 0.92993631 | N38: =E38*E$1/(E38*E$1 +E13*E$1^2/1000) -> 0.78980892 | O38: =F38*F$1/(F38*F$1 +F13*F$1^2/1000) -> 0.57324841
A39: 0.1 | B39: 3.08 | C39: =$B39-C14*C$1/1000 -> 3.08 | D39: =$B39-D14*D$1/1000 -> 2.77 | E39: =$B39-E14*E$1/1000 -> 2 | F39: =$B39-F14*F$1/1000 -> 0.8 | L39: =C39*C$1/(C39*C$1 +C14*C$1^2/1000) -> #DIV/0! | M39: =D39*D$1/(D39*D$1 +D14*D$1^2/1000) -> 0.89935065 | N39: =E39*E$1/(E39*E$1 +E14*E$1^2/1000) -> 0.64935065 | O39: =F39*F$1/(F39*F$1 +F14*F$1^2/1000) -> 0.25974026
A40: 0.05 | B40: 3.01 | C40: =$B40-C15*C$1/1000 -> 3.01 | D40: =$B40-D15*D$1/1000 -> 2.49 | E40: =$B40-E15*E$1/1000 -> 1 | F40: =$B40-F15*F$1/1000 -> 0 | L40: =C40*C$1/(C40*C$1 +C15*C$1^2/1000) -> #DIV/0! | M40: =D40*D$1/(D40*D$1 +D15*D$1^2/1000) -> 0.82724252 | N40: =E40*E$1/(E40*E$1 +E15*E$1^2/1000) -> 0.33222591 | O40: =F40*F$1/(F40*F$1 +F15*F$1^2/1000) -> 0
A41: 0 | B41: =(B40-B39)+B40 -> 2.94 | C41: =$B41-C16*C$1/1000 -> 2.94 | D41: =$B41-D16*D$1/1000 -> 2.21 | E41: =$B41-E16*E$1/1000 -> 0 | F41: =$B41-F16*F$1/1000 -> -0.8 | L41: =C41*C$1/(C41*C$1 +C16*C$1^2/1000) -> #DIV/0! | M41: =D41*D$1/(D41*D$1 +D16*D$1^2/1000) -> 0.75170068 | N41: =E41*E$1/(E41*E$1 +E16*E$1^2/1000) -> 0 | O41: =F41*F$1/(F41*F$1 +F16*F$1^2/1000) -> -0.27210884

Sheet LBV_model
A1: Crating | B1: 33.3 | Q1: Error
B2: 0 | C2: 1 | D2: 2 | E2: 3 | H2: 1 | I2: 4 | J2: 8 | K2: avg | M2: 1 | N2: 4 | O2: 8 | Q2: 1 | R2: 4 | S2: 8
A3: 1 | B3: 4.17 | C3: 4.01 | D3: 3.78 | E3: 3.56 | G3: =A3 -> 1 | H3: =($B3-C3)/($B$1*H$2) -> 0.0048048048 | I3: =($B3-D3)/($B$1*I$2) -> 0.0029279279 | J3: =($B3-E3)/($B$1*J$2) -> 0.0022897898 | K3: =AVERAGE(H3:J3) -> 0.0033408408 | M3: =$B3-$B$1*M$2*$K3 -> 4.05875 | N3: =$B3-$B$1*N$2*$K3 -> 3.725 | O3: =$B3-$B$1*O$2*$K3 -> 3.28 | Q3: =(M3-C3)*200 -> 9.75 | R3: =(N3-D3)*200 -> -11 | S3: =(O3-E3)*200 -> -56
A4: 0.9 | B4: 3.98 | C4: 3.88 | D4: 3.7 | E4: 3.48 | G4: =A4 -> 0.9 | H4: =($B4-C4)/($B$1*H$2) -> 0.003003003 | I4: =($B4-D4)/($B$1*I$2) -> 0.0021021021 | J4: =($B4-E4)/($B$1*J$2) -> 0.0018768769 | K4: =AVERAGE(H4:J4) -> 0.0023273273 | M4: =$B4-$B$1*M$2*$K4 -> 3.9025 | N4: =$B4-$B$1*N$2*$K4 -> 3.67 | O4: =$B4-$B$1*O$2*$K4 -> 3.36 | Q4: =(M4-C4)*200 -> 4.5 | R4: =(N4-D4)*200 -> -6 | S4: =(O4-E4)*200 -> -24
A5: 0.8 | B5: 3.88 | C5: 3.76 | D5: 3.58 | E5: 3.36 | G5: =A5 -> 0.8 | H5: =($B5-C5)/($B$1*H$2) -> 0.0036036036 | I5: =($B5-D5)/($B$1*I$2) -> 0.0022522523 | J5: =($B5-E5)/($B$1*J$2) -> 0.001951952 | K5: =AVERAGE(H5:J5) -> 0.0026026026 | M5: =$B5-$B$1*M$2*$K5 -> 3.7933333 | N5: =$B5-$B$1*N$2*$K5 -> 3.5333333 | O5: =$B5-$B$1*O$2*$K5 -> 3.1866667 | Q5: =(M5-C5)*200 -> 6.6666667 | R5: =(N5-D5)*200 -> -9.3333333 | S5: =(O5-E5)*200 -> -34.666667
A6: 0.7 | B6: 3.75 | C6: 3.64 | D6: 3.46 | E6: 3.24 | G6: =A6 -> 0.7 | H6: =($B6-C6)/($B$1*H$2) -> 0.0033033033 | I6: =($B6-D6)/($B$1*I$2) -> 0.0021771772 | J6: =($B6-E6)/($B$1*J$2) -> 0.0019144144 | K6: =AVERAGE(H6:J6) -> 0.002464965 | M6: =$B6-$B$1*M$2*$K6 -> 3.6679167 | N6: =$B6-$B$1*N$2*$K6 -> 3.4216667 | O6: =$B6-$B$1*O$2*$K6 -> 3.0933333 | Q6: =(M6-C6)*200 -> 5.5833333 | R6: =(N6-D6)*200 -> -7.6666667 | S6: =(O6-E6)*200 -> -29.333333
A7: 0.6 | B7: 3.63 | C7: 3.51 | D7: 3.32 | E7: 3.1 | G7: =A7 -> 0.6 | H7: =($B7-C7)/($B$1*H$2) -> 0.0036036036 | I7: =($B7-D7)/($B$1*I$2) -> 0.0023273273 | J7: =($B7-E7)/($B$1*J$2) -> 0.0019894895 | K7: =AVERAGE(H7:J7) -> 0.0026401401 | M7: =$B7-$B$1*M$2*$K7 -> 3.5420833 | N7: =$B7-$B$1*N$2*$K7 -> 3.2783333 | O7: =$B7-$B$1*O$2*$K7 -> 2.9266667 | Q7: =(M7-C7)*200 -> 6.4166667 | R7: =(N7-D7)*200 -> -8.3333333 | S7: =(O7-E7)*200 -> -34.666667
A8: 0.5 | B8: 3.49 | C8: 3.37 | D8: 3.18 | E8: 2.97 | G8: =A8 -> 0.5 | H8: =($B8-C8)/($B$1*H$2) -> 0.0036036036 | I8: =($B8-D8)/($B$1*I$2) -> 0.0023273273 | J8: =($B8-E8)/($B$1*J$2) -> 0.001951952 | K8: =AVERAGE(H8:J8) -> 0.0026276276 | M8: =$B8-$B$1*M$2*$K8 -> 3.4025 | N8: =$B8-$B$1*N$2*$K8 -> 3.14 | O8: =$B8-$B$1*O$2*$K8 -> 2.79 | Q8: =(M8-C8)*200 -> 6.5 | R8: =(N8-D8)*200 -> -8 | S8: =(O8-E8)*200 -> -36
A9: 0.4 | B9: 3.38 | C9: 3.25 | D9: 3.07 | E9: 2.84 | G9: =A9 -> 0.4 | H9: =($B9-C9)/($B$1*H$2) -> 0.0039039039 | I9: =($B9-D9)/($B$1*I$2) -> 0.0023273273 | J9: =($B9-E9)/($B$1*J$2) -> 0.002027027 | K9: =AVERAGE(H9:J9) -> 0.0027527528 | M9: =$B9-$B$1*M$2*$K9 -> 3.2883333 | N9: =$B9-$B$1*N$2*$K9 -> 3.0133333 | O9: =$B9-$B$1*O$2*$K9 -> 2.6466667 | Q9: =(M9-C9)*200 -> 7.6666667 | R9: =(N9-D9)*200 -> -11.333333 | S9: =(O9-E9)*200 -> -38.666667
A10: 0.35 | B10: 3.33 | C10: 3.2 | D10: 3 | E10: 2.76 | G10: =A10 -> 0.35 | H10: =($B10-C10)/($B$1*H$2) -> 0.0039039039 | I10: =($B10-D10)/($B$1*I$2) -> 0.0024774775 | J10: =($B10-E10)/($B$1*J$2) -> 0.0021396396 | K10: =AVERAGE(H10:J10) -> 0.0028403403 | M10: =$B10-$B$1*M$2*$K10 -> 3.2354167 | N10: =$B10-$B$1*N$2*$K10 -> 2.9516667 | O10: =$B10-$B$1*O$2*$K10 -> 2.5733333 | Q10: =(M10-C10)*200 -> 7.0833333 | R10: =(N10-D10)*200 -> -9.6666667 | S10: =(O10-E10)*200 -> -37.333333
A11: 0.3 | B11: 3.29 | C11: 3.14 | D11: 2.93 | E11: 2.66 | G11: =A11 -> 0.3 | H11: =($B11-C11)/($B$1*H$2) -> 0.0045045045 | I11: =($B11-D11)/($B$1*I$2) -> 0.0027027027 | J11: =($B11-E11)/($B$1*J$2) -> 0.0023648649 | K11: =AVERAGE(H11:J11) -> 0.0031906907 | M11: =$B11-$B$1*M$2*$K11 -> 3.18375 | N11: =$B11-$B$1*N$2*$K11 -> 2.865 | O11: =$B11-$B$1*O$2*$K11 -> 2.44 | Q11: =(M11-C11)*200 -> 8.75 | R11: =(N11-D11)*200 -> -13 | S11: =(O11-E11)*200 -> -44
A12: 0.25 | B12: 3.25 | C12: 3.09 | D12: 2.84 | E12: 2.5 | G12: =A12 -> 0.25 | H12: =($B12-C12)/($B$1*H$2) -> 0.0048048048 | I12: =($B12-D12)/($B$1*I$2) -> 0.0030780781 | J12: =($B12-E12)/($B$1*J$2) -> 0.0028153153 | K12: =AVERAGE(H12:J12) -> 0.0035660661 | M12: =$B12-$B$1*M$2*$K12 -> 3.13125 | N12: =$B12-$B$1*N$2*$K12 -> 2.775 | O12: =$B12-$B$1*O$2*$K12 -> 2.3 | Q12: =(M12-C12)*200 -> 8.25 | R12: =(N12-D12)*200 -> -13 | S12: =(O12-E12)*200 -> -40
A13: 0.2 | B13: 3.2 | C13: 3.02 | D13: 2.71 | E13: 2.3 | G13: =A13 -> 0.2 | H13: =($B13-C13)/($B$1*H$2) -> 0.0054054054 | I13: =($B13-D13)/($B$1*I$2) -> 0.0036786787 | J13: =($B13-E13)/($B$1*J$2) -> 0.0033783784 | K13: =AVERAGE(H13:J13) -> 0.0041541542 | M13: =$B13-$B$1*M$2*$K13 -> 3.0616667 | N13: =$B13-$B$1*N$2*$K13 -> 2.6466667 | O13: =$B13-$B$1*O$2*$K13 -> 2.0933333 | Q13: =(M13-C13)*200 -> 8.3333333 | R13: =(N13-D13)*200 -> -12.666667 | S13: =(O13-E13)*200 -> -41.333333
A14: 0.15 | B14: 3.14 | C14: 2.92 | D14: 2.48 | E14: 1.8 | G14: =A14 -> 0.15 | H14: =($B14-C14)/($B$1*H$2) -> 0.0066066066 | I14: =($B14-D14)/($B$1*I$2) -> 0.004954955 | J14: =($B14-E14)/($B$1*J$2) -> 0.00503003 | K14: =AVERAGE(H14:J14) -> 0.0055305305 | M14: =$B14-$B$1*M$2*$K14 -> 2.9558333 | N14: =$B14-$B$1*N$2*$K14 -> 2.4033333 | O14: =$B14-$B$1*O$2*$K14 -> 1.6666667 | Q14: =(M14-C14)*200 -> 7.1666667 | R14: =(N14-D14)*200 -> -15.333333 | S14: =(O14-E14)*200 -> -26.666667
... A16: 0.05 | B16: 3.01 | C16: 2.49 | D16: 1 | E16: 0 | G16: =A16 -> 0.05 | H16: =($B16-C16)/($B$1*H$2) -> 0.015615616 | I16: =($B16-D16)/($B$1*I$2) -> 0.01509009 | J16: =($B16-E16)/($B$1*J$2) -> 0.011298799 | K16: =AVERAGE(H16:J16) -> 0.014001502 | M16: =$B16-$B$1*M$2*$K16 -> 2.54375 | N16: =$B16-$B$1*N$2*$K16 -> 1.145 | O16: =$B16-$B$1*O$2*$K16 -> -0.72 | Q16: =(M16-C16)*200 -> 10.75 | R16: =(N16-D16)*200 -> 29 | S16: =(O16-E16)*200 -> -144
R20: =H3/1000 -> 4.8048048e-06

Sheet Debug
B1: Crating | D1: 33.3 | L1: 0 | M1: 1 | N1: 4 | O1: 8 | R1: nSeries | S1: nParallels
B2: SOC | C2: OCV | D2: =L2 -> 0 | E2: =M2 -> 33.3 | F2: =N2 -> 133.2 | G2: =O2 -> 266.4 | K2: SOC | L2: =L1*$D$1 -> 0 | M2: =M1*$D$1 -> 33.3 | N2: =N1*$D$1 -> 133.2 | O2: =O1*$D$1 -> 266.4 | R2: 200 | S2: 28
B3: 1 | C3: 4.17 | D3: 4.8048048 | E3: 4.8048048 | F3: 2.9279279 | G3: 2.2897898 | K3: 1 | L3: =M3 -> 0 | M3: =($D3-E3)/($D$1*M$1) -> 0 | N3: =($D3-F3)/($D$1*N$1) -> 0.014090667 | O3: =($D3-G3)/($D$1*O$1) -> 0.0094407471
B4: 0.9 | C4: 3.98 | D4: 3.003003 | E4: 3.003003 | F4: 2.1021021 | G4: 1.8768769 | K4: 0.9 | L4: =M4 -> 0 | M4: =($D4-E4)/($D$1*M$1) -> 0 | N4: =($D4-F4)/($D$1*N$1) -> 0.0067635203 | O4: =($D4-G4)/($D$1*O$1) -> 0.0042272002
B5: 0.8 | C5: 3.88 | D5: 3.6036036 | E5: 3.6036036 | F5: 2.2522523 | G5: 1.951952 | K5: 0.8 | L5: =M5 -> 0 | M5: =($D5-E5)/($D$1*M$1) -> 0 | N5: =($D5-F5)/($D$1*N$1) -> 0.01014528 | O5: =($D5-G5)/($D$1*O$1) -> 0.0061998936
B6: 0.7 | C6: 3.75 | D6: 3.3033033 | E6: 3.3033033 | F6: 2.1771772 | G6: 1.9144144 | K6: 0.7 | L6: =M6 -> 0 | M6: =($D6-E6)/($D$1*M$1) -> 0 | N6: =($D6-F6)/($D$1*N$1) -> 0.0084544003 | O6: =($D6-G6)/($D$1*O$1) -> 0.0052135469
B7: 0.6 | C7: 3.63 | D7: 3.6036036 | E7: 3.6036036 | F7: 2.3273273 | G7: 1.9894895 | K7: 0.6 | L7: =M7 -> 0 | M7: =($D7-E7)/($D$1*M$1) -> 0 | N7: =($D7-F7)/($D$1*N$1) -> 0.0095816537 | O7: =($D7-G7)/($D$1*O$1) -> 0.0060589869
B8: 0.5 | C8: 3.49 | D8: 3.6036036 | E8: 3.6036036 | F8: 2.3273273 | G8: 1.951952 | K8: 0.5 | L8: =M8 -> 0 | M8: =($D8-E8)/($D$1*M$1) -> 0 | N8: =($D8-F8)/($D$1*N$1) -> 0.0095816537 | O8: =($D8-G8)/($D$1*O$1) -> 0.0061998936
B9: 0.4 | C9: 3.38 | D9: 3.9039039 | E9: 3.9039039 | F9: 2.3273273 | G9: 2.027027 | K9: 0.4 | L9: =M9 -> 0 | M9: =($D9-E9)/($D$1*M$1) -> 0 | N9: =($D9-F9)/($D$1*N$1) -> 0.01183616 | O9: =($D9-G9)/($D$1*O$1) -> 0.0070453336
B10: 0.35 | C10: 3.33 | D10: 3.9039039 | E10: 3.9039039 | F10: 2.4774775 | G10: 2.1396396 | K10: 0.35 | L10: =M10 -> 0 | M10: =($D10-E10)/($D$1*M$1) -> 0 | N10: =($D10-F10)/($D$1*N$1) -> 0.010708907 | O10: =($D10-G10)/($D$1*O$1) -> 0.0066226136
B11: 0.3 | C11: 3.29 | D11: 4.5045045 | E11: 4.5045045 | F11: 2.7027027 | G11: 2.3648649 | K11: 0.3 | L11: =M11 -> 0 | M11: =($D11-E11)/($D$1*M$1) -> 0 | N11: =($D11-F11)/($D$1*N$1) -> 0.013527041 | O11: =($D11-G11)/($D$1*O$1) -> 0.0080316803
B12: 0.25 | C12: 3.25 | D12: 4.8048048 | E12: 4.8048048 | F12: 3.0780781 | G12: 2.8153153 | K12: 0.25 | L12: =M12 -> 0 | M12: =($D12-E12)/($D$1*M$1) -> 0 | N12: =($D12-F12)/($D$1*N$1) -> 0.012963414 | O12: =($D12-G12)/($D$1*O$1) -> 0.0074680536
B13: 0.2 | C13: 3.2 | D13: 5.4054054 | E13: 5.4054054 | F13: 3.6786787 | G13: 3.3783784 | K13: 0.2 | L13: =M13 -> 0 | M13: =($D13-E13)/($D$1*M$1) -> 0 | N13: =($D13-F13)/($D$1*N$1) -> 0.012963414 | O13: =($D13-G13)/($D$1*O$1) -> 0.0076089603
B14: 0.15 | C14: 3.14 | D14: 6.6066066 | E14: 6.6066066 | F14: 4.954955 | G14: 5.03003 | K14: 0.15 | L14: =M14 -> 0 | M14: =($D14-E14)/($D$1*M$1) -> 0 | N14: =($D14-F14)/($D$1*N$1) -> 0.012399787 | O14: =($D14-G14)/($D$1*O$1) -> 0.0059180802
... B16: 0.05 | C16: 3.01 | D16: 15.615616 | E16: 15.615616 | F16: 15.09009 | G16: 11.298799 | K16: 0.05 | L16: =M16 -> 0 | M16: =($D16-E16)/($D$1*M$1) -> 0 | N16: =($D16-F16)/($D$1*N$1) -> 0.0039453868 | O16: =($D16-G16)/($D$1*O$1) -> 0.016204267
C17: 2.94 | D17: 21.921922 | E17: 21.921922 | F17: 22.072072 | G17: 14.039039
A18: SOC interp | B18: 0.2 | D18: {=[1]!Interp1D($B18,$K$3:$K$16,D$3:D$16)} -> #NAME? | E18: {=[1]!Interp1D($B18,$K$3:$K$16,E$3:E$16)} -> #NAME? | F18: {=[1]!Interp1D($B18,$K$3:$K$16,F$3:F$16)} -> #NAME? | G18: {=[1]!Interp1D($B18,$K$3:$K$16,G$3:G$16)} -> #NAME? | I18: SOC interp | J18: 0.296 | K18: {=[1]!Interp1D($J18,$K$3:$K$16,L$3:L$16)} -> #NAME? | L18: {=[1]!Interp1D($J18,$K$3:$K$16,M$3:M$16)} -> #NAME? | M18: {=[1]!Interp1D($J18,$K$3:$K$16,N$3:N$16)} -> #NAME? | N18: {=[1]!Interp1D($J18,$K$3:$K$16,O$3:O$16)} -> #NAME?
A19: OCV | B19: =B18 -> 0.2 | C19: {=[1]!Interp1D(B19,B3:B16,C3:C16)} -> #NAME? | I19: OCV | J19: =J18 -> 0.296 | K19: {=[1]!Interp1D(J19,B3:B16,D3:D16)} -> #NAME? | L19: =$K19-L18*M2 -> #NAME? | M19: =$K19-M18*N2 -> #NAME? | N19: =$K19-N18*O2 -> #NAME?
A20: Current | B20: 130 | C20: {=[1]!Interp1D(B20,D2:G2,D18:G18)} -> #NAME? | D20: =C20*R2 -> #NAME? | I20: power | L20: =L19*M2 -> #NAME? | M20: =M19*N2 -> #NAME? | N20: =N19*O2 -> #NAME?
A21: C-Rate | B21: =B20/33 -> 3.9393939 | I21: current | J21: {=[1]!Interp1D(163.5658,L20:N20,M2:O2)} -> #NAME?
A22: CellPower | C22: =(C19-C20/1000*B20)*B20 -> #NAME? | I22: Current | J22: 53.375 | K22: {=[1]!Interp1D(J22,L2:O2,K18:N18)} -> #NAME? | N22: totalCurrent | O22: =J22*S2 -> 1494.5
I23: Voltage | K23: =K19-K22*J22 -> #NAME? | L23: =K23*R2 -> #NAME?
A24: CellPower | C24: =C25/(28*200*4)*1000 -> 370.03968 | I24: Power | K24: =K23*J22 -> #NAME?
A25: TargetPower | C25: =2500*0.746/0.9*4 -> 8288.8889 | D25: 618
I26: TotalGrpPower | K26: =K24*R2*S2/1000 -> #NAME?
I27: TargetPower | K27: 915.96 | L27: 623

Sheet cables
A1: index | B1: groupID | C1: MotorID | D1: length_m | E1: ResistanceCable_mOhm_per_m
A2: =_xlfn.CONCAT("grp",TEXT(B2,"#"),"_to_mot",TEXT(C2,"#")) -> grp1_to_mot1 | B2: 1 | C2: 1 | D2: =1260/16/3.281 -> 24.001829 | E2: =0.053*3.281 -> 0.173893
A3: =_xlfn.CONCAT("grp",TEXT(B3,"#"),"_to_mot",TEXT(C3,"#")) -> grp1_to_mot2 | B3: 1 | C3: 2 | D3: =1260/16/3.281 -> 24.001829 | E3: =0.053*3.281 -> 0.173893
A4: =_xlfn.CONCAT("grp",TEXT(B4,"#"),"_to_mot",TEXT(C4,"#")) -> grp1_to_mot3 | B4: 1 | C4: 3 | D4: =1260/16/3.281 -> 24.001829 | E4: =0.053*3.281 -> 0.173893
A5: =_xlfn.CONCAT("grp",TEXT(B5,"#"),"_to_mot",TEXT(C5,"#")) -> grp1_to_mot4 | B5: 1 | C5: 4 | D5: =1260/16/3.281 -> 24.001829 | E5: =0.053*3.281 -> 0.173893
A6: =_xlfn.CONCAT("grp",TEXT(B6,"#"),"_to_mot",TEXT(C6,"#")) -> grp2_to_mot1 | B6: 2 | C6: 1 | D6: =1260/16/3.281 -> 24.001829 | E6: =0.053*3.281 -> 0.173893
A7: =_xlfn.CONCAT("grp",TEXT(B7,"#"),"_to_mot",TEXT(C7,"#")) -> grp2_to_mot2 | B7: 2 | C7: 2 | D7: =1260/16/3.281 -> 24.001829 | E7: =0.053*3.281 -> 0.173893
A8: =_xlfn.CONCAT("grp",TEXT(B8,"#"),"_to_mot",TEXT(C8,"#")) -> grp2_to_mot3 | B8: 2 | C8: 3 | D8: =1260/16/3.281 -> 24.001829 | E8: =0.053*3.281 -> 0.173893
A9: =_xlfn.CONCAT("grp",TEXT(B9,"#"),"_to_mot",TEXT(C9,"#")) -> grp2_to_mot4 | B9: 2 | C9: 4 | D9: =1260/16/3.281 -> 24.001829 | E9: =0.053*3.281 -> 0.173893
A10: =_xlfn.CONCAT("grp",TEXT(B10,"#"),"_to_mot",TEXT(C10,"#")) -> grp3_to_mot1 | B10: 3 | C10: 1 | D10: =1260/16/3.281 -> 24.001829 | E10: =0.053*3.281 -> 0.173893
A11: =_xlfn.CONCAT("grp",TEXT(B11,"#"),"_to_mot",TEXT(C11,"#")) -> grp3_to_mot2 | B11: 3 | C11: 2 | D11: =1260/16/3.281 -> 24.001829 | E11: =0.053*3.281 -> 0.173893
A12: =_xlfn.CONCAT("grp",TEXT(B12,"#"),"_to_mot",TEXT(C12,"#")) -> grp3_to_mot3 | B12: 3 | C12: 3 | D12: =1260/16/3.281 -> 24.001829 | E12: =0.053*3.281 -> 0.173893
A13: =_xlfn.CONCAT("grp",TEXT(B13,"#"),"_to_mot",TEXT(C13,"#")) -> grp3_to_mot4 | B13: 3 | C13: 4 | D13: =1260/16/3.281 -> 24.001829 | E13: =0.053*3.281 -> 0.173893
... A17: =_xlfn.CONCAT("grp",TEXT(B17,"#"),"_to_mot",TEXT(C17,"#")) -> grp4_to_mot4 | B17: 4 | C17: 4 | D17: =1260/16/3.281 -> 24.001829 | E17: =0.053*3.281 -> 0.173893
