Workbook

Sheet battery_config
A1: Group | B1: motor_id | C1: nseries | D1: nparallels | E1: cell_sheet
A2: 1 | B2: 1 | C2: 210 | D2: =8*14 -> 112 | E2: BOL_cell_fct_CRate
A3: 2 | B3: 2 | C3: 210 | D3: =8*14 -> 112 | E3: BOL_cell_fct_CRate
A4: 3 | B4: 3 | C4: 210 | D4: =8*14 -> 112 | E4: BOL_cell_fct_CRate
A5: 4 | B5: 4 | C5: 210 | D5: =8*14 -> 112 | E5: BOL_cell_fct_CRate

Sheet BOL_cell_fct_CRate
A1: SOC | B1: OCV | C1: IR_0C | D1: IR_1C | E1: IR_3C | F1: IR_5C | G1: IR_10C | H1: IR1 | I1: C1 | J1: Crate_col | K1: Crate_value | L1: capacity_Ah | M1: CRate | N1: mass_cell | O1: Cp_cell | P1: min_temp | Q1: max_temp
A2: 1 | B2: 4.1847163 | C2: =DCIR_P70X!C2*7.4/7 -> 7.9162632 | D2: =DCIR_P70X!D2*7.4/7 -> 7.9162632 | E2: =DCIR_P70X!E2*7.4/7 -> 7.1069898 | F2: =DCIR_P70X!F2*7.4/7 -> 9.1566878 | G2: =DCIR_P70X!G2*7.4/7 -> 7.9312728 | H2: 0 | I2: 0 | J2: IR_0C | K2: 0 | L2: 7.4 | M2: 7 | N2: 0.071 | O2: 850 | P2: -20 | Q2: 60
A3: 0.95 | B3: 4.1078257 | C3: =DCIR_P70X!C3*7.4/7 -> 7.0795336 | D3: =DCIR_P70X!D3*7.4/7 -> 7.0795336 | E3: =DCIR_P70X!E3*7.4/7 -> 5.8983495 | F3: =DCIR_P70X!F3*7.4/7 -> 8.5024808 | G3: =DCIR_P70X!G3*7.4/7 -> 6.8856038 | H3: 0 | I3: 0 | J3: =D1 -> IR_1C | K3: =M2 -> 7
A4: 0.9 | B4: 4.0843483 | C4: =DCIR_P70X!C4*7.4/7 -> 6.3860173 | D4: =DCIR_P70X!D4*7.4/7 -> 6.3860173 | E4: =DCIR_P70X!E4*7.4/7 -> 4.8798145 | F4: =DCIR_P70X!F4*7.4/7 -> 7.9245651 | G4: =DCIR_P70X!G4*7.4/7 -> 5.9848467 | H4: 0 | I4: 0 | J4: =E1 -> IR_3C | K4: =K3*3 -> 21
A5: 0.85 | B5: 4.0695645 | C5: =DCIR_P70X!C5*7.4/7 -> 5.873935 | D5: =DCIR_P70X!D5*7.4/7 -> 5.873935 | E5: =DCIR_P70X!E5*7.4/7 -> 4.1218734 | F5: =DCIR_P70X!F5*7.4/7 -> 7.4445176 | G5: =DCIR_P70X!G5*7.4/7 -> 5.2823874 | H5: 0 | I5: 0 | J5: =F1 -> IR_5C | K5: =K3*5 -> 35
A6: 0.8 | B6: 4.0377381 | C6: =DCIR_P70X!C6*7.4/7 -> 5.4995268 | D6: =DCIR_P70X!D6*7.4/7 -> 5.4995268 | E6: =DCIR_P70X!E6*7.4/7 -> 3.6073866 | F6: =DCIR_P70X!F6*7.4/7 -> 7.0484876 | G6: =DCIR_P70X!G6*7.4/7 -> 4.7642077 | H6: 0 | I6: 0 | J6: =G1 -> IR_10C | K6: =K3*10 -> 70
A7: 0.75 | B7: 3.9801875 | C7: =DCIR_P70X!C7*7.4/7 -> 5.2022008 | D7: =DCIR_P70X!D7*7.4/7 -> 5.2022008 | E7: =DCIR_P70X!E7*7.4/7 -> 3.2844316 | F7: =DCIR_P70X!F7*7.4/7 -> 6.7252611 | G7: =DCIR_P70X!G7*7.4/7 -> 4.3952916 | H7: 0 | I7: 0
A8: 0.7 | B8: 3.9291555 | C8: =DCIR_P70X!C8*7.4/7 -> 4.9585078 | D8: =DCIR_P70X!D8*7.4/7 -> 4.9585078 | E8: =DCIR_P70X!E8*7.4/7 -> 3.1019469 | F8: =DCIR_P70X!F8*7.4/7 -> 6.4758481 | G8: =DCIR_P70X!G8*7.4/7 -> 4.142964 | H8: 0 | I8: 0
A9: 0.65 | B9: 3.8883731 | C9: =DCIR_P70X!C9*7.4/7 -> 4.76775 | D9: =DCIR_P70X!D9*7.4/7 -> 4.76775 | E9: =DCIR_P70X!E9*7.4/7 -> 3.0186949 | F9: =DCIR_P70X!F9*7.4/7 -> 6.2975061 | G9: =DCIR_P70X!G9*7.4/7 -> 3.9763695 | H9: 0 | I9: 0
A10: 0.6 | B10: 3.8577356 | C10: =DCIR_P70X!C10*7.4/7 -> 4.6338655 | D10: =DCIR_P70X!D10*7.4/7 -> 4.6338655 | E10: =DCIR_P70X!E10*7.4/7 -> 2.9976674 | F10: =DCIR_P70X!F10*7.4/7 -> 6.1719571 | G10: =DCIR_P70X!G10*7.4/7 -> 3.8622321 | H10: 0 | I10: 0
A11: 0.55 | B11: 3.8248067 | C11: =DCIR_P70X!C11*7.4/7 -> 4.5355025 | D11: =DCIR_P70X!D11*7.4/7 -> 4.5355025 | E11: =DCIR_P70X!E11*7.4/7 -> 2.9955062 | F11: =DCIR_P70X!F11*7.4/7 -> 6.0681035 | G11: =DCIR_P70X!G11*7.4/7 -> 3.7681291 | H11: 0 | I11: 0
A12: 0.5 | B12: 3.7836626 | C12: =DCIR_P70X!C12*7.4/7 -> 4.4396825 | D12: =DCIR_P70X!D12*7.4/7 -> 4.4396825 | E12: =DCIR_P70X!E12*7.4/7 -> 2.9728768 | F12: =DCIR_P70X!F12*7.4/7 -> 5.9575863 | G12: =DCIR_P70X!G12*7.4/7 -> 3.6713756 | H12: 0 | I12: 0
A13: 0.45 | B13: 3.736922 | C13: =DCIR_P70X!C13*7.4/7 -> 4.3311447 | D13: =DCIR_P70X!D13*7.4/7 -> 4.3311447 | E13: =DCIR_P70X!E13*7.4/7 -> 2.9087891 | F13: =DCIR_P70X!F13*7.4/7 -> 5.829494 | G13: =DCIR_P70X!G13*7.4/7 -> 3.5669297 | H13: 0 | I13: 0
A14: 0.4 | B14: 3.6876241 | C14: =DCIR_P70X!C14*7.4/7 -> 4.2232605 | D14: =DCIR_P70X!D14*7.4/7 -> 4.2232605 | E14: =DCIR_P70X!E14*7.4/7 -> 2.8136619 | F14: =DCIR_P70X!F14*7.4/7 -> 5.7010796 | G14: =DCIR_P70X!G14*7.4/7 -> 3.4726557 | H14: 0 | I14: 0
A15: 0.35 | B15: 3.6305248 | C15: =DCIR_P70X!C15*7.4/7 -> 4.1650026 | D15: =DCIR_P70X!D15*7.4/7 -> 4.1650026 | E15: =DCIR_P70X!E15*7.4/7 -> 2.7354787 | F15: =DCIR_P70X!F15*7.4/7 -> 5.6202625 | G15: =DCIR_P70X!G15*7.4/7 -> 3.4304986 | H15: 0 | I15: 0
A16: 0.3 | B16: 3.5850094 | C16: =DCIR_P70X!C16*7.4/7 -> 4.2332502 | D16: =DCIR_P70X!D16*7.4/7 -> 4.2332502 | E16: =DCIR_P70X!E16*7.4/7 -> 2.7544068 | F16: =DCIR_P70X!F16*7.4/7 -> 5.6581487 | G16: =DCIR_P70X!G16*7.4/7 -> 3.5029388 | H16: =(H15-H14)+H15 -> 0 | I16: =(I15-I14)+I15 -> 0
A17: 0.25 | B17: 3.5408311 | C17: =DCIR_P70X!C17*7.4/7 -> 4.5137451 | D17: =DCIR_P70X!D17*7.4/7 -> 4.5137451 | E17: =DCIR_P70X!E17*7.4/7 -> 2.9579472 | F17: =DCIR_P70X!F17*7.4/7 -> 5.887344 | G17: =DCIR_P70X!G17*7.4/7 -> 3.7632158 | H17: =(H16-H15)+H16 -> 0 | I17: =(I16-I15)+I16 -> 0
A18: 0.2 | B18: 3.4605374 | C18: =DCIR_P70X!C18*7.4/7 -> 5.0808692 | D18: =DCIR_P70X!D18*7.4/7 -> 5.0808692 | E18: =DCIR_P70X!E18*7.4/7 -> 3.4308097 | F18: =DCIR_P70X!F18*7.4/7 -> 6.3668034 | G18: =DCIR_P70X!G18*7.4/7 -> 4.2882761 | H18: =(H17-H16)+H17 -> 0 | I18: =(I17-I16)+I17 -> 0
A19: 0.15 | B19: 3.3648776 | C19: =DCIR_P70X!C19*7.4/7 -> 5.9912714 | D19: =DCIR_P70X!D19*7.4/7 -> 5.9912714 | E19: =DCIR_P70X!E19*7.4/7 -> 4.2534073 | F19: =DCIR_P70X!F19*7.4/7 -> 7.139698 | G19: =DCIR_P70X!G19*7.4/7 -> 5.1459892 | H19: =(H18-H17)+H18 -> 0 | I19: =(I18-I17)+I18 -> 0
A20: 0.1 | B20: 3.2417861 | C20: =DCIR_P70X!C20*7.4/7 -> 7.2452531 | D20: =DCIR_P70X!D20*7.4/7 -> 7.2452531 | E20: =DCIR_P70X!E20*7.4/7 -> 5.4706619 | F20: =DCIR_P70X!F20*7.4/7 -> 8.2128316 | G20: =DCIR_P70X!G20*7.4/7 -> 6.3679643 | H20: =(H19-H18)+H19 -> 0 | I20: =(I19-I18)+I19 -> 0
A21: 0.05 | B21: 3.0887594 | C21: =DCIR_P70X!C21*7.4/7 -> 8.7776693 | D21: =DCIR_P70X!D21*7.4/7 -> 8.7776693 | E21: =DCIR_P70X!E21*7.4/7 -> 7.0532196 | F21: =DCIR_P70X!F21*7.4/7 -> 9.5296017 | G21: =DCIR_P70X!G21*7.4/7 -> 7.9113987 | H21: =(H20-H19)+H20 -> 0 | I21: =(I20-I19)+I20 -> 0
A22: 0 | B22: 2.6071159 | C22: =DCIR_P70X!C22*7.4/7 -> 10.452229 | D22: =DCIR_P70X!D22*7.4/7 -> 10.452229 | E22: =DCIR_P70X!E22*7.4/7 -> 8.8596272 | F22: =DCIR_P70X!F22*7.4/7 -> 10.9617 | G22: =DCIR_P70X!G22*7.4/7 -> 9.6385324 | H22: =(H21-H20)+H21 -> 0 | I22: =(I21-I20)+I21 -> 0

Sheet DCIR_P70X
A1: SOC | B1: OCV | C1: IR_0C | D1: IR_1C | E1: IR_3C | F1: IR_5C | G1: IR_10C
A2: 1 | B2: 4.1847163 | C2: 7.4883571 | D2: 7.4883571 | E2: 6.7228282 | F2: 8.6617317 | G2: 7.5025553
A3: 0.95 | B3: 4.1078257 | C3: 6.6968561 | D3: 6.6968561 | E3: 5.5795198 | F3: 8.0428872 | G3: 6.513409
A4: 0.9 | B4: 4.0843483 | C4: 6.0408272 | D4: 6.0408272 | E4: 4.6160407 | F4: 7.4962102 | G4: 5.6613415
A5: 0.85 | B5: 4.0695645 | C5: 5.556425 | D5: 5.556425 | E5: 3.8990694 | F5: 7.0421113 | G5: 4.9968529
A6: 0.8 | B6: 4.0377381 | C6: 5.2022551 | D6: 5.2022551 | E6: 3.4123927 | F6: 6.6674883 | G6: 4.506683
A7: 0.75 | B7: 3.9801875 | C7: 4.9210007 | D7: 4.9210007 | E7: 3.1068948 | F7: 6.3617335 | G7: 4.1577083
A8: 0.7 | B8: 3.9291555 | C8: 4.6904803 | D8: 4.6904803 | E8: 2.9342741 | F8: 6.1258023 | G8: 3.91902
A9: 0.65 | B9: 3.8883731 | C9: 4.5100338 | D9: 4.5100338 | E9: 2.8555222 | F9: 5.9571003 | G9: 3.7614306
A10: 0.6 | B10: 3.8577356 | C10: 4.3833863 | D10: 4.3833863 | E10: 2.8356313 | F10: 5.8383378 | G10: 3.6534628
A11: 0.55 | B11: 3.8248067 | C11: 4.2903402 | D11: 4.2903402 | E11: 2.833587 | F11: 5.7400979 | G11: 3.5644464
A12: 0.5 | B12: 3.7836626 | C12: 4.1996997 | D12: 4.1996997 | E12: 2.8121807 | F12: 5.6355546 | G12: 3.4729229
A13: 0.45 | B13: 3.736922 | C13: 4.0970288 | D13: 4.0970288 | E13: 2.7515572 | F13: 5.5143863 | G13: 3.3741227
... A22: 0 | B22: 2.6071159 | C22: 9.8872441 | D22: 9.8872441 | E22: 8.3807284 | F22: 10.369175 | G22: 9.1175307

Sheet cables
A1: index | B1: groupID | C1: MotorID | D1: length_m | E1: ResistanceCable_mOhm_per_m
A2: =_xlfn.CONCAT("grp",TEXT(B2,"#"),"_to_mot",TEXT(C2,"#")) -> grp1_to_mot1 | B2: 1 | C2: 1 | D2: =1260/16/3.281 -> 24.001829 | E2: =0.053*3.281 -> 0.173893
A3: =_xlfn.CONCAT("grp",TEXT(B3,"#"),"_to_mot",TEXT(C3,"#")) -> grp1_to_mot2 | B3: 1 | C3: 2 | D3: =1260/16/3.281 -> 24.001829 | E3: =0.053*3.281 -> 0.173893
A4: =_xlfn.CONCAT("grp",TEXT(B4,"#"),"_to_mot",TEXT(C4,"#")) -> grp1_to_mot3 | B4: 1 | C4: 3 | D4: =1260/16/3.281 -> 24.001829 | E4: =0.053*3.281 -> 0.173893
A5: =_xlfn.CONCAT("grp",TEXT(B5,"#"),"_to_mot",TEXT(C5,"#")) -> grp1_to_mot4 | B5: 1 | C5: 4 | D5: =1260/16/3.281 -> 24.001829 | E5: =0.053*3.281 -> 0.173893
A6: =_xlfn.CONCAT("grp",TEXT(B6,"#"),"_to_mot",TEXT(C6,"#")) -> grp2_to_mot1 | B6: 2 | C6: 1 | D6: =1260/16/3.281 -> 24.001829 | E6: =0.053*3.281 -> 0.173893
A7: =_xlfn.CONCAT("grp",TEXT(B7,"#"),"_to_mot",TEXT(C7,"#")) -> grp2_to_mot2 | B7: 2 | C7: 2 | D7: =1260/16/3.281 -> 24.001829 | E7: =0.053*3.281 -> 0.173893
A8: =_xlfn.CONCAT("grp",TEXT(B8,"#"),"_to_mot",TEXT(C8,"#")) -> grp2_to_mot3 | B8: 2 | C8: 3 | D8: =1260/16/3.281 -> 24.001829 | E8: =0.053*3.281 -> 0.173893
A9: =_xlfn.CONCAT("grp",TEXT(B9,"#"),"_to_mot",TEXT(C9,"#")) -> grp2_to_mot4 | B9: 2 | C9: 4 | D9: =1260/16/3.281 -> 24.001829 | E9: =0.053*3.281 -> 0.173893
A10: =_xlfn.CONCAT("grp",TEXT(B10,"#"),"_to_mot",TEXT(C10,"#")) -> grp3_to_mot1 | B10: 3 | C10: 1 | D10: =1260/16/3.281 -> 24.001829 | E10: =0.053*3.281 -> 0.173893
A11: =_xlfn.CONCAT("grp",TEXT(B11,"#"),"_to_mot",TEXT(C11,"#")) -> grp3_to_mot2 | B11: 3 | C11: 2 | D11: =1260/16/3.281 -> 24.001829 | E11: =0.053*3.281 -> 0.173893
A12: =_xlfn.CONCAT("grp",TEXT(B12,"#"),"_to_mot",TEXT(C12,"#")) -> grp3_to_mot3 | B12: 3 | C12: 3 | D12: =1260/16/3.281 -> 24.001829 | E12: =0.053*3.281 -> 0.173893
A13: =_xlfn.CONCAT("grp",TEXT(B13,"#"),"_to_mot",TEXT(C13,"#")) -> grp3_to_mot4 | B13: 3 | C13: 4 | D13: =1260/16/3.281 -> 24.001829 | E13: =0.053*3.281 -> 0.173893
... A17: =_xlfn.CONCAT("grp",TEXT(B17,"#"),"_to_mot",TEXT(C17,"#")) -> grp4_to_mot4 | B17: 4 | C17: 4 | D17: =1260/16/3.281 -> 24.001829 | E17: =0.053*3.281 -> 0.173893
